-- Povoamento dos Funcionários
INSERT INTO AgenciaApollo.Funcionario
(id, genero, nome, data_nascimento, NIF, salario, cod_postal, distrito, rua, porta, data_inic_contrato, data_fim_contrato, tipo, CC, coordenado_por) 
VALUES
(1, "M", "António Xavier", "1948-04-27", "103358994", "3800.00", "4100-248", "Porto", "Rua Figueiras", "117", "1980-04-22", NULL, "Detetive", "38225981", NULL),
(2, "F", "Olívia Ramos", "1973-12-12", "119703475", "3200.00", "4050-211", "Porto", "Rua do Comércio", "60", "1986-06-12", NULL, "Administrador", "31150908", NULL),
(3, "F", "Elisabete Cerqueira", "1997-08-20", "290187222", "1400.00", "4405-585", "Porto", "Rua Pádua Correia", "68", "2017-01-22", NULL, "Detetive", "32153813", NULL),
(4, "M", "Luís Viveiros", "1992-03-06", "214910954", "1800.00", "3000-291", "Coimbra", "Travessa Moura Sá", "51", "2014-11-30", NULL, "Detetive", "14661537", NULL),
(5, "F", "Carolina Barros", "1976-09-07", "176726675", "2200.00", "3500-149", "Viseu", "Alameda Luís de Camões", "112", "2012-03-04", "2021-10-20", "Administrador", "19878455", NULL),
(6, "M", "Lucas Pires", "1981-02-06", "181882361", "2600.00", "6000-252", "Castelo Branco", "Rua Nova", "100", "2007-10-23", NULL, "Administrador", "38550464", NULL),
(7, "M", "Afonso Mourinho", "1994-03-20", "222957352", "1600.00", "2025-601", "Santarém", "Rua São Sebastião", "58", "2019-08-02", NULL, "Detetive", "16972690", NULL),
(8, "M", "Salvador Matos", "1987-08-05", "273404202", "2000.00", "2400-076", "Leiria", "Rua Miguel Bombarda", "117", "2016-06-20", NULL, "Detetive", "34195774", NULL),
(9, "F", "Maia Sampaio", "1979-06-11", "198905289", "2200.00", "4804-536", "Braga", "Rua Doutor Manuel Faria", "50", "2001-12-14", NULL, "Administrador", "14382754", NULL),
(10, "M", "João Sousa", "2000-06-16", "235985376", "1200.00", "4580-328", "Porto", "Rua Alegria", "32", "2023-02-26", NULL, "Detetive", "39082335", NULL),
(11, "F", "Mafalda Cristóvão", "1996-08-10", "274408074", "2000.00", "5000-311", "Vila Real", "Avenida Noruega", "9", "2021-10-10", NULL, "Administrador", "31659727", NULL),
(12, "F", "Adriana Neves", "1987-01-01", "202688577", "1800.00", "4760-643", "Braga", "Rua Igreja", "90", "2014-02-20", "2020-08-16", "Detetive", "16712112", NULL),
(13, "F", "Ana Soares", "1992-07-21", "228371368", "1600.00", "4500-455", "Vila Real", "Rua Cachoeira", "36", "2018-03-12", NULL, "Detetive", "37812045", NULL),
(14, "M", "Ricardo Peixoto", "1989-03-01", "244219273", "1800.00", "7470-139", "Portalegre", "Rua Doutor Pires Miguens", "8", "2009-10-26", NULL, "Administrador", "36209909", NULL),
(15, "M", "Miguel Rodrigues", "1977-10-26", "211623148", "2200.00", "2765-125", "Lisboa", "Avenida Lago", "63", "2013-05-05", NULL, "Detetive", "33252078", NULL),
(16, "F", "Neusa Figueiro", "2002-03-22", "233217266", "1400.00", "2004-006", "Santarém", "Rua Vasco da Gama", "115", "2022-01-02", NULL, "Detetive", "33649238", NULL),
(17, "F", "Beatriz Marques", "1985-02-05", "210098325", "2000.00", "3060-318", "Coimbra", "Rua Pero Vaz Caminha", "14", "2010-06-06", NULL, "Administrador", "18197653", NULL),
(18, "M", "José Vasques", "1979-05-09", "142647675", "2400.00", "4420-309", "Porto", "Rua Oliveirinhas", "99", "2006-07-08", NULL, "Detetive", "17225791", NULL),
(19, "M", "Joaquim Martins", "1984-05-10", "160617405", "1800.00", "2784-508", "Lisboa", "Rua Diogo Cão", "17", "2012-08-23", NULL, "Detetive", "11705691", NULL),
(20, "F", "Mariana Carreiro", "1990-03-12", "181227789", "2200.00", "7050-513", "Évora", "Rua Maria M Tavares", "81", "2015-09-25", NULL, "Detetive", "35837175", NULL);

-- Povoamento dos Funcionários -> coordenado_por
UPDATE AgenciaApollo.Funcionario SET coordenado_por = 19 WHERE id=3;
UPDATE AgenciaApollo.Funcionario SET coordenado_por = 1 WHERE id=4;
UPDATE AgenciaApollo.Funcionario SET coordenado_por = 19 WHERE id=7;
UPDATE AgenciaApollo.Funcionario SET coordenado_por = 13 WHERE id=8;
UPDATE AgenciaApollo.Funcionario SET coordenado_por = 13 WHERE id=10;
UPDATE AgenciaApollo.Funcionario SET coordenado_por = 4 WHERE id=12;
UPDATE AgenciaApollo.Funcionario SET coordenado_por = 1 WHERE id=13;
UPDATE AgenciaApollo.Funcionario SET coordenado_por = 4 WHERE id=15;
UPDATE AgenciaApollo.Funcionario SET coordenado_por = 19 WHERE id=16;
UPDATE AgenciaApollo.Funcionario SET coordenado_por = 13 WHERE id=18;
UPDATE AgenciaApollo.Funcionario SET coordenado_por = 1 WHERE id=19;
UPDATE AgenciaApollo.Funcionario SET coordenado_por = 4 WHERE id=20;

-- Povoamento dos Funcionários : telemoveis
INSERT INTO AgenciaApollo.Funcionarios_Telemoveis
(telefone, funcionario) 
VALUES
("949917551", 3),
("928207136", 4),
("971208244", 6),
("950757869", 7),
("911926373", 9),
("942995821", 10),
("964566576", 11),
("981771030", 13),
("960605556", 14),
("924831842", 15),
("938606110", 16),
("953599774", 17),
("911842180", 18),
("906512442", 19);

-- Povoamento dos Funcionários : emails
INSERT INTO AgenciaApollo.Funcionario_Emails
(email, funcionario) 
VALUES
("lviveiros92@hotmail.com", 4),
("cmsbarros@sapo.pt", 5),
("lucasmcpires@gmail.com", 6),
("apgm@hotmail.com", 7),
("salvadorcmatos@hotmail.pt", 8),
("mgsampaio.79@hotmail.com", 9),
("jmsousa@gmail.com", 10),
("rfpeixoto@outlook.com", 14),
("migueljrod@hotmail.com", 15),
("biamarques02@gmail.com", 17),
("jgvasques@sapo.pt", 18),
("joaquimsm.84@gmail.com", 19);

-- Povoamento das Provas
INSERT INTO AgenciaApollo.Prova
(id, descricao, data_obtida, tipo, cod_postal, cidade, distrito, pais) 
VALUES
(1, "Relatorio de perícia forense ao veículo 47-MX-AC", "2006-11-23", "Análises", NULL, NULL, NULL, NULL),
(2, "Cópia do passaporte de Cirilo Cunha", "2006-11-22", "Encontrados",  "4000-248", "Porto", "Porto", "Portugal"),
(3, "Vídeo das camaras de segurança na Avenida dos Aliados", "2009-05-14", "Encontrados", "4000-066", "Porto", "Porto", "Portugal"),
(4, "Objetos apreendidos da residência de Nelson Pinto", "1997-08-21", "Encontrados", "2000-700", "Santarém", "Santarém", "Portugal"),
(5, "Relatório de perícia forense na residência de Nelson Pinto", "1997-08-21", "Análises", NULL, NULL, NULL, NULL),
(6, "Declaração de testemunha sobre Amélia Moreira", "2007-06-21", "Encontrados", "4425-640", "Maia", "Porto", "Portugal"),
(7, "Extrato bancário da conta de Jacinto Pires", "2011-11-15", "Encontrados", "4470-288", "Maia", "Porto", "Portugal"),
(8, "Relatório de análise de ADN de João Sousa", "2011-11-06", "Análises", NULL, NULL, NULL, NULL),
(9, "Gravação de chamada do telemóvel da vítima", "2015-02-23", "Encontrados", "4000-248", "Porto", "Porto", "Portugal"),
(10, "Relatório de perícia forense ao veículo 97-23-PH", "2021-11-04", "Análises", NULL, NULL, NULL, NULL),
(11, "Relatório de perícia forense à casa da vítima", "2022-03-25", "Análises", NULL, NULL, NULL, NULL),
(12, "Declaração de testemunha sobre Úrsula Ferreira", "2022-12-12", "Encontrados", "4000-248", "Porto", "Porto", "Portugal"),
(13, "Mensagens de redes sociais da vítima", "2023-07-02", "Encontrados", "4000-248", "Porto", "Porto", "Portugal"),
(14, "Relatório de atividade bancária da vítima", "2023-08-26", "Encontrados", "4470-288", "Maia", "Porto", "Portugal"),
(15, "Análise forense de solo da casa da vítima", "2022-11-20", "Análises", NULL, NULL, NULL, NULL),
(16, "Diário da vítima com anotações importantes", "2007-05-23", "Encontrados", "4000-248", "Porto", "Porto", "Portugal");

-- Povoamento dos Clientes
INSERT INTO AgenciaApollo.Cliente
(id,nome,genero,NIF,CC,distrito,rua,porta,pais,cod_postal)
VALUES
(1,"Jorge Jamandas","M","221650105","12167568","Porto","Rua Heróis Ultramar","2","Portugal","4650-093"),
(2,"Stefan Pfeifer","M","62221030","1753833672","Freistaat Bayern","Kantstrasse","63","Alemanha","90232"),
(3,"António Júdice","M","203613422","33236524","Porto","Avenida Doutor Fernando Gomes","113","Portugal","4495-185"),
(4,"Ana Pereira","F","249390728","34094310","Santarém","Rua Vasco Gama","46","Portugal","2004-006"),
(5,"Vitor Breia","M","214667030","39081461", "Castelo Branco", "Quinta Fontainhas", "43", "Portugal", "6200-071"),
(6,"Cristiana Lima","F","232511250","35025755","Porto", "R Figueiras", "69", "Portugal", "4560-071"),
(7,"Darlene Rendón","F","01388251","5527585524", "Albacete", "C/Arana", "9", "Espanha", "02461"),
(8,"Julia Azevedo","F","262686759","19365142","Porto","Rua Alegria","70","Portugal","4575-400"),
(9,"Fábio Barros","M","294465456","18380358","Portalegre","Rua Condes Torre","29","Portugal","7330-263"),
(10,"Fabiana Picão","F","261291289","18183444","Aveiro", "Avenida João C Real", "120", "Portugal", "3865-214"),
(11,"Ricardo Cascais","M","228012341","39183921","Setúbal","R José Malhoa","96","Portugal","2810-178"),
(12,"Alice Ferreira","F","229521851","31562790", "Viana do Castelo", "Avenida Nova", "44", "Portugal", "4960-110"),
(13,"Thiery Batard","M","84189959","3884829842", "Bourgogne", "Rue Des Lieutemants Thomazo", "93", "França", "21000"),
(14,"Alexandre Rocha","M","261926128","14806231","Évora","Zona Estação","107","Portugal","7150-263"),
(15,"Breno Rodrigues","M","277571103","35496594","Ilhas de São Miguel","Rua 1ª Travessa-Calheta","54","Portugal","9680-469"),
(16,"José Sousa","M","269832734","16733644","Porto","R Cimo Vila","108","Portugal","4590-538"),
(17,"Rodrigo Barreira","M","214668711","17719810","Porto","R Rampa Alta","54","Portugal","4635-540"),
(18,"Paulo Campos","M","282239340","16456075","Viana do Castelo","R Velhas","104","Portugal","4980-567"),
(19,"Artur Carvalho","M","227820983","39016795", "Pontevedra", "Atamaria", "62", "Espanha", "36636"),
(20,"António Banha","M","215920252","14825676","Setúbal", "R Família Marques", "51", "Portugal", "2870-157");

-- Povoamento dos Clientes : emails
INSERT INTO AgenciaApollo.Cliente_Email
(email,cliente) 
VALUES
("StefanPfeifer@dayrep.com",2),
("anaCPereira@gmail.com",4),
("Vreia1990@outlook.com",5),
("cristianalima95@gmail.com",6),
("Darendon12@gmail.com",7),
("fbarros45@gmail.com",9),
("picaofabiana10@sapo.com.pt",10),
("ricardomoreiracascais2@gmail.com",11),
("thierybatard@avl.com.fr",13),
("thitard125@gmail.com",13),
("barreirarodrigooli@gmail.com",17),
("carvartur@live.com.pt",19),
("antoniomoreira19@gmail.com",20);

-- Povoamento dos Clientes : telemoveis
INSERT INTO AgenciaApollo.Cliente_Telefone
(telefone,cliente) 
VALUES
("920267366",1),
("0361826988",2),
("920534472",3),
("920565376",4),
("920956755",5),
("920394199",6),
("698933057",7),
("920394299",8),
("920169560",9),
("920130819",10),
("910280186",11),
("920418777",12),
("0304515600",13),
("915246617",14),
("915245709",14),
("911820062",16),
("920083153",17),
("920142781",18),
("920528115",19),
("920099697",20),
("920418882",20),
("920193486",20);

-- Povoamento da Fatura
INSERT INTO AgenciaApollo.Fatura
(n_fatura,valor,metodo_pagamento,data_faturacao,data_pagamento)
VALUES
(1,1800,"Dinheiro","2006-11-27","2006-11-29"),
(2,1620,"TransferenciaBancaria","2009-05-22","2009-05-22"),
(3,9400,"CartaoCredito","1993-06-20","1993-06-20"),
(4,3640,"TransferenciaBancaria","1997-08-21","1997-09-01"),
(5,13800,"TransferenciaBancaria","2002-07-23","2002-09-22"),
(6,1240,"Dinheiro","2006-09-01","2006-09-13"),
(7,14740,"CartaoCredito","2007-08-02","2007-08-15"),
(8,2890,"CartaoDebito","2009-09-08","2009-09-09"),
(9,8930,"TransferenciaBancaria","2011-12-03","2011-12-13"),
(10,3600,"TransferenciaBancaria","2014-08-20","2014-08-20"),
(11,7680,"Dinheiro","2018-05-18","2018-05-20"),
(12,8280,"TransferenciaBancaria","2020-10-03","2020-10-29"),
(13,1320,"Dinheiro","2019-02-05","2019-02-05"),
(14,1350,"Dinheiro","2021-06-12","2021-06-20"),
(15,2960,"CartaoCredito","2023-11-04","2023-11-29"),
(16,4420,"CartaoCredito","2022-12-14","2023-01-07"),
(17,1440,"TransferenciaBancaria","2023-02-11","2023-02-28"),
(18,2720,"TransferenciaBancaria","2023-07-13","2023-07-31"),
(19,5460,"CartaoDebito","2023-09-17","2023-11-01");

-- Povoamento das Vítimas
INSERT INTO AgenciaApollo.Vitima
(id, nome, data_nascimento,genero,estado_civil,distrito,rua,porta,país,cod_postal) 
VALUES
(1,"Alexandra Jamandas", "1970-01-03","F","Casado","Porto","Rua Heróis Ultramar","2","Portugal","4650-093"),
(2,"Arnulf Langhans","1992-02-27","M","Separado","Freistaat Sachsen","Kantstraße","92","Alemanha","08602"),
(3,"Anselmo Júdice","1987-06-07","M","Separado","Santarém","R Heróis Ultramar","17","Portugal","2200-327"),
(6,"Adriana Lima","2000-09-18","F","Solteiro","Porto","R Figueiras","69","Portugal","4560-071"),
(5,"Laura Marreiro","1992-12-12","F","Solteiro","Santarém","Rua Vasco Gama","46","Portugal","2120-011"),
(4,"Estela Breia","1990-06-28","F","Casado","Castelo Branco","Quinta Fontainhas","43","Portugal","6200-071"),
(7,"Cayetano Santos","1970-05-03","M","Casado","Albacete","C/Arana","9","Espanha","02461"),
(8,"Francisco Catela","1989-11-01","M","Viuvo","Vila Real","R Cachoeira","30","Portugal","5050-257"),
(9,"Rodrigo Canhão","1998-02-06","M","Solteiro","Viana do Castelo","Avenida Boavista","117","Portugal","4910-274"),
(10,"Ana Picão","2004-09-01","F","Solteiro","Aveiro","Avenida João C Real","120","Portugal","3865-214"),
(11,"Luis Cascais","1978-04-07","F","Casado","Lisboa","Avenida Guerra Junqueiro","66","Portugal","2600-798"),
(12,"Maia Quintal","1996-12-01","F","Separado","Viana do Castelo","Avenida Nova","44","Portugal","4960-110"),
(13,"Angélique Hérisson","2000-04-07","F","Solteiro","Bourgogne","Rue Des Lieutemants Thomazo","93","França","21000"),
(14,"Débora Botica","2009-03-03","F","Solteiro","Santarém","Rua Brigadeiro Lino Valente","30","Portugal","2260-112"),
(15,"Alexandra Sousa","1992-07-30","F","Solteiro","Lisboa","Rua Jorge Sena","118","Portugal","2660-117"),
(16,"Matias Loio","2001-09-27","M","Solteiro","Viana do Castelo","Avenida Boavista","61","Portugal","4920-130"),
(17,"Nadia Barreira","1987-01-01","F","Casado","Lisboa","Rua Ciprestes","8","Portugal","2790-237"),
(19,"Nadine Portela","1994-08-12","F","Solteiro","Porto","R Nogueiras","105","Portugal","4630-024"),
(18,"Anita Mata","2009-8-26","F","Solteiro","Pontevedra","Atamaria","62","Espanha","36636"),
(20,"Hugo Banha","1989-09-14","M","Viuvo","Setúbal","R Família Marques","51","Portugal","2870-157");

-- Povoamento das Vítimas : emails
INSERT INTO AgenciaApollo.Vitima_Email
(email,vitima)
VALUES
("arnlang@gmail.com",2),
("anselmojudice@sapo.pt",3),
("adrianalima@gmail.com",6),
("alima@gmail.com",6),
("adriliminha@hotmail.com",6),
("lauramar@live.com.pt",5),
("estela1990@gmail.com",4),
("rocanhao@gmail.com",9),
("anapicao@gmail.com",10),
("picana@hotmail.com",10),
("maiaquintal@gmail.com",12),
("angeliquegodness@gmail.com",13),
("angelica@gmail.com",13),
("debora2009@gmail.com",14),
("deborazinha@gmail.com",14),
("alexousa@gmail.com",15),
("matiasgameplays@gmail.com",16),
("matiasloio@gmail.com",16),
("nadia120@live.com.pt",17),
("nadinela@gmail.com",19),
("nadine_portela@gmail.com",19),
("anitaesp@gmail.com",18),
("anittamatta@gmail.com",18),
("hugobanha89@gmail.com",20);

-- Povoamento das Vítimas : telemoveis
INSERT INTO AgenciaApollo.Vitima_Telefone
(telefone,vitima)
VALUES
("916753562",1),
("911270936",1),
("15227788154",2),
("926261879",3),
("920237592",4),
("928973612",5),
("913194784",6),
("910361063",6),
("602365374",7),
("603395024",7),
("920615547",8),
("925693745",9),
("925474430",10),
("918688431",11),
("929206892",12),
("926495048",12),
("757059205",13),
("911727226",14),
("910615949",15),
("929177115",16),
("917767365",17),
("923948129",17),
("919088509",19),
("602989325",18),
("923856115",20),
("918481030",20);

-- povoamento dos envolvidos
INSERT INTO AgenciaApollo.Envolvido 
(genero,data_nascimento,nome,CC,distrito,rua,porta,pais,cod_postal)
VALUES
("M", "1986-10-26", "Cirilo Cunha", "19885386", "Viseu", "R Pelourinho", "77", "Portugal", "3460-582"),
("M", "1990-08-24", "Isaac Lourenço", "40383426", "Leiria", "R Campo Bola", "17", "Portugal", "2525-287"),
("M", "1979-03-21", "Ubaldo Correia", "45174067", "Faro", "Avenida José Costa Mealha", "115", "Portugal", "8375-273"),
("F", "1969-04-14", "Nádia Sousa", "56478042", "Beja", "R Maria L Sales", "119", "Portugal", "7800-489"),
("F", "1987-03-15", "Francisca Gomes", "29566413", "Viseu", "Avenida 25 Abril", "80", "Portugal", "3515-254"),
("M", "1962-03-17", "Aníbal Ferreira", "84420925", "Lisboa", "Rua Ciprestes", "106", "Portugal", "2785-477"),
("F", "1979-02-18", "Patrícia Costa", "39819582", "Viseu", "R Sta Bárbara", "11", "Portugal", "3660-511"),
("F", "1993-03-08", "Mónica Vieira", "89947178", "Santarém", "Rua Brigadeiro Lino Dias Valente", "23", "Portugal", "2005-172"),
("F", "1999-01-01", "Daniela Pereira", "43947739", "Porto", "R Igreja", "85", "Portugal", "4595-452"),
("M", "1995-11-15", "Aldo Gonçalves", "92066601", "Porto", "R Jardim", "90", "Portugal", "4435-658"),
("F", "1956-02-21", "Zaida Nunes", "94953865", "Viana do Castelo", "R 1º Dezembro", "69", "Portugal", "4930-736"),
("M", "1981-02-28", "Zacarias Freitas", "22890675", "Lisboa", "Avenida Marquês Tomar", "33", "Portugal", "1700-014"),
("M", "1953-07-06", "Cristiano Pires", "52406219", "Porto", "Travessa Choupelo", "7", "Portugal", "4470-408"),
("M", "1953-12-01", "Vítor Sousa", "77486715", "Porto", "Avenida Francelos", "46", "Portugal", "4460-258"),
("F", "1995-03-22", "Vanessa Carneiro", "31192379", "Setúbal", "Rua Luísa Tody", "9", "Portugal", "2970-821"),
("F", "1993-05-15", "Lourdes Barbosa", "55324914", "Lisboa", "Rua Pé Mouro Armz", "108", "Portugal", "2735-219"),
("M", "1965-04-17", "José Duarte", "44316437", "Guarda", "R Principal", "52", "Portugal", "6270-287"),
("M", "1958-08-30", "Marcelo Pires", "50573793", "Santarém", "Avenida Madre Andaluz", "83", "Portugal", "2000-210"),
("F", "1979-09-05", "Sandra Costa", "32114613", "Lisboa", "Rua Pé Mouro Armz", "58", "Portugal", "2730-080"),
("F", "1978-01-10", "Helena Ramos", "80466996", "Lisboa", "Avenida Marquês Tomar", "76", "Portugal", "1750-413"),
("F", "1999-05-06", "Alice Coelho", "44617505", "Leiria", "R Afonso Alburquerque", "65", "Portugal", "2425-009"),
("F", "1992-09-08", "Catarina Carneiro", "85228804", "Braga", "R São Silvestre", "34", "Portugal", "4835-242"),
("M", "1993-11-09", "Nelson Pinto", "89023311", "Santarém", "R São Vicente", "62", "Portugal", "2000-700"),
("F", "1978-06-01", "Celeste Ribeiro", "34248626", "Porto", "R Rampa Alta", "54", "Portugal", "4635-540"),
("F", "1958-09-28", "Rosário Cardoso", "38962600", "Lisboa", "Praça Teófilo Braga", "17", "Portugal", "2670-473"),
("F", "1968-12-04", "Soraia Freitas", "07684930", "Ilha da Madeira", "R Carne Azeda", "118", "Portugal", "9060-034"),
("M", "1981-12-17", "Simão Rodrigues", "24272813", "Braga", "R Doutor Manuel Faria", "102", "Portugal", "4805-263"),
("F", "1984-01-11", "Clotilde Pinto", "76855542", "Porto", "R Costa", "49", "Portugal", "4825-101"),
("M", "1968-12-03", "Rafael Vieira", "87451659", "Coimbra", "R Doutor Paulo Quintela", "52", "Portugal", "3025-070"),
("M", "1956-10-14", "José Nunes", "60401255", "Braga", "R Cruzes", "89", "Portugal", "4750-724"),
("M", "1961-09-18", "Carlos Rocha", "46811127", "Lisboa", "Rua Diogo Cão", "114", "Portugal", "2785-082"),
("F", "1972-06-27", "Amélia Moreira", "95740084", "Porto", "R Oliveirinhas", "58", "Portugal", "4425-640"),
("M", "1985-03-20", "Nelson Antunes", "11783898", "Coimbra", "Travessa Parque", "47", "Portugal", "3130-508"),
("F", "1959-10-10", "Celeste Moreira", "26371155", "Évora", "R Maria M Tavares", "28", "Portugal", "7080-051"),
("M", "1976-07-26", "Tiago Neves", "05575579", "Lisboa", "R Irene Lisboa", "46", "Portugal", "2680-506"),
("M", "1954-02-02", "Rui Almeida", "11154259", "Aveiro", "R Gago Coutinho", "84", "Portugal", "3880-891"),
("F", "1971-07-19", "Susana Ribeiro", "42608872", "Évora", "R 5 Outubro", "76", "Portugal", "7005-851"),
("F", "1953-09-04", "Lúcia Torres", "80321648", "Aveiro", "R João C Loureiro", "18", "Portugal", "3830-563"),
("F", "1979-09-07", "Genoveva Vasconcelos", "67066249", "Viana do Castelo", "Avenida António Feijó Palácio", "97", "Portugal", "4990-681"),
("M", "1953-05-07", "Igor Guedes", "74613996", "Lisboa", "Rua Ciprestes", "99", "Portugal", "2790-084"),
("F", "1960-03-22", "Joaquina Rodrigues", "96060028", "Lisboa", "R Irene Lisboa", "96", "Portugal", "2680-287"),
("F", "1994-10-20", "Sandra Torres", "95132002", "Leiria", "Estrada Nacional", "73", "Portugal", "2500-272"),
("M", "1988-08-12", "Lucas Coelho", "28104339", "Lisboa", "Praceta Maria Lamas", "58", "Portugal", "2710-206"),
("M", "1999-01-06", "Jacinto Pires", "72576335", "Porto", "Travessa Choupelo", "117", "Portugal", "4470-090"),
("M", "1989-12-29", "Casimiro Lourenço", "89040743", "Porto", "R Oliveirinhas", "14", "Portugal", "4425-012"),
("F", "1991-10-27", "Sónia Barros", "50956042", "Lisboa", "R Damião Góis", "90", "Portugal", "2695-071"),
("M", "1959-07-16", "Edmundo Pires", "84214677", "Aveiro", "R Coutada", "31", "Portugal", "4500-717"),
("M", "1964-09-16", "Sérgio Pereira", "96947386", "Viana do Castelo", "R Velhas", "70", "Portugal", "4970-555"),
("F", "1952-07-20", "Natália Matos", "08302647", "Lisboa", "Avenida Miguel Bombarda", "104", "Portugal", "1600-233"),
("M", "1957-08-03", "Aurélio Gomes", "70788355", "Évora", "R Maria M Tavares", "61", "Portugal", "7050-401"),
("F", "1969-10-15", "Gabriela Nunes", "69356620", "Setúbal", "Rua Luísa Tody", "83", "Portugal", "2970-777"),
("F", "1970-05-27", "Helena Rodrigues", "59372260", "Évora", "R Maria M Tavares", "120", "Portugal", "7090-278"),
("M", "1968-06-04", "Abílio Correia", "84710873", "Viseu", "R Padre João A L Ribeiro", "92", "Portugal", "3450-057"),
("F", "1957-11-22", "Liliana Gomes", "25533459", "Setúbal", "R Florbela Espanca", "53", "Portugal", "2855-030"),
("F", "1983-02-02", "Úrsula Oliveira", "35550270", "Setúbal", "R Principal", "101", "Portugal", "7595-040"),
("M", "1972-11-14", "Pedro Monteiro", "68217462", "Lisboa", "R Germana Tânger", "58", "Portugal", "2725-203"),
("M", "1965-06-18", "Adelino Gomes", "26401947", "Lisboa", "Avenida Paris", "10", "Portugal", "2565-028"),
("F", "1954-03-09", "Ingrid Freitas", "04187516", "Leiria", "Rua Caldeirão", "54", "Portugal", "3105-031"),
("F", "1954-03-11", "Luísa Abreu", "31513970", "Portalegre", "Rua Condes Torre", "117", "Portugal", "7350-108"),
("M", "1986-01-07", "Aquiles Martins", "06199759", "Faro", "Rua José Fernandes Guerreiro", "100", "Portugal", "8100-736"),
("M", "1950-09-11", "Gabriel Ferreira", "91810563", "Beja", "R Maria L Sales", "44", "Portugal", "7780-479"),
("F", "1991-04-06", "Carolina Ribeiro", "59343768", "Setúbal", "R Pinhão", "58", "Portugal", "2910-303"),
("F", "1982-06-21", "Úrsula Ferreira", "31530126", "Porto", "R Rampa Alta", "41", "Portugal", "4635-124"),
("F", "1964-10-30", "Renata Ribeiro", "64415775", "Braga", "R São Bento", "32", "Portugal", "4765-478"),
("F", "1967-03-06", "Isabel Gomes", "24305153", "Porto", "R Cortinhas Fonte", "117", "Portugal", "4580-668"),
("M", "1960-07-08", "Luís Costa", "62575055", "Viseu", "R Padre João A L Ribeiro", "14", "Portugal", "3430-348"),
("M", "1961-10-16", "Bernardino Gouveia", "55722604", "Porto", "Avenida Júlio Dias", "42", "Portugal", "4480-216"),
("M","1957-09-27","Jorge Jamandas","12167568","Porto","Rua Heróis Ultramar","2","Portugal","4650-093"),
("M","1991-06-07","Stefan Pfeifer","1753833672","Freistaat Bayern","Kantstrasse","63","Alemanha","90232"),
("M","1968-01-01","António Júdice","33236524","Porto","Avenida Doutor Fernando Gomes","113","Portugal","4495-185"),
("F","1970-05-03","Ana Pereira","34094310","Santarém","Rua Vasco Gama","46","Portugal","2004-006"),
("M","1992-06-06","Vitor Breia","39081461", "Castelo Branco", "Quinta Fontainhas", "43", "Portugal", "6200-071"),
("F","1980-08-08","Cristiana Lima","35025755","Porto", "R Figueiras", "69", "Portugal", "4560-071"),
("F","1974-11-04",",Darlene Rendón","5527585524", "Albacete", "C/Arana", "9", "Espanha", "02461"),
("F","1954-02-07","Julia Azevedo","19365142","Porto","Rua Alegria","70","Portugal","4575-400"),
("M","1998-01-07","Fábio Barros","18380358","Portalegre","Rua Condes Torre","29","Portugal","7330-263"),
("F","2002-09-01","Fabiana Picão","18183444","Aveiro", "Avenida João C Real", "120", "Portugal", "3865-214"),
("M","1949-07-23","Ricardo Cascais","39183921","Setúbal","R José Malhoa","96","Portugal","2810-178"),
("F","1976-03-05","Alice Ferreira","31562790", "Viana do Castelo", "Avenida Nova", "44", "Portugal", "4960-110"),
("M","1998-05-17","Thiery Batard","3884829842", "Bourgogne", "Rue Des Lieutemants Thomazo", "93", "França", "21000"),
("M","2001-08-11","Alexandre Rocha","14806231","Évora","Zona Estação","107","Portugal","7150-263"),
("M","1998-11-18","Breno Rodrigues","35496594","Ilhas de São Miguel","Rua 1ª Travessa-Calheta","54","Portugal","9680-469"),
("M","1971-08-09","José Sousa","16733644","Porto","R Cimo Vila","108","Portugal","4590-538"),
("M","1989-04-26","Rodrigo Barreira","17719810","Porto","R Rampa Alta","54","Portugal","4635-540"),
("M","1958-07-28","Paulo Campos","16456075","Viana do Castelo","R Velhas","104","Portugal","4980-567"),
("M","1994-09-18","Artur Carvalho","39016795", "Pontevedra", "Atamaria", "62", "Espanha", "36636"),
("M","1952-02-02","António Banha","14825676","Setúbal", "R Família Marques", "51", "Portugal", "2870-157");

-- Povoamento dos Envolvidos : emails
INSERT INTO AgenciaApollo.Envolvidos_Email
(email,envolvido)
VALUES
("isaaclour@gmail.com",2),
("ubaldooo@gmail.com",3),
("aferreira@gmail.com",6),
("patriciaCosta@gmail.com",7),
("monic3874@gmail.com",8),
("Galdo@hotmail.com",10),
("zaidanunes36@gmail.com",11),
("crispires16@gmail.com",13),
("vitorsousa@gmail.com",14),
("marcelo13@gmail.com",18),
("sandrinha17@gmail.com",19),
("alice1337@hotmail.com",21),
("catneiro@gmail.com",22),
("nelsonpinto1@sapo.pt",23),
("rosario56@hotmail.com",25),
("soraiafreitas0@gmail.com",26),
("rodriguess80@gmail.com",27),
("joseenes@sapo.pt",30),
("rochacar77@gmail.com",31),
("ameliamoreiraa8@hotmail.com",32),
("neves89@gmail.com",35),
("rui_almeida@gmail.com",36),
("susana2@hotmail.com",37),
("lucyy13@gmail.com",38),
("genovevasconcelos@hotmail.com",39),
("cafecomleite@gmail.com",41),
("sandra14@sapo.pt",42),
("coelho69@gmail.com",43),
("jasinto@gmail.com",44),
("lourenco15@gmail.com",45),
("edplaneta@hotmail.com",47),
("sergiobananeira@gmail.com",48),
("natalia200@gmail.com",49),
("aurelioboreal@hotmail.com",50),
("gabriellaaa@hotmail.com",51),
("lena123@gmail.com",52),
("biliscorreio@hotmail.com",53),
("pedramonteira@gmail.com",56),
("linogomes@hotmail.com",57),
("ingrid_freitas_01@gmail.com",58),
("luisabreu@gmail.com",59),
("carolina0101@gmail.com",62),
("ursulav2@hotmail.com",63),
("renata454@sapo.pt",64),
("luisCosta@gmail.com",66),
("bernardino777@gmail.com",67),
("StefanPfeifer@dayrep.com",69),
("anaCPereira@gmail.com",71),
("Vreia1990@outlook.com",72),
("cristianalima95@gmail.com",73),
("Darendon12@gmail.com",74),
("fbarros45@gmail.com",76),
("picaofabiana10@sapo.com.pt",77),
("ricardomoreiracascais2@gmail.com",78),
("thierybatard@avl.com.fr",80),
("thitard125@gmail.com",80),
("barreirarodrigooli@gmail.com",84),
("carvartur@live.com.pt",86),
("antoniomoreira19@gmail.com",87);

-- Povoamento dos Envolvidos : telefones
INSERT INTO AgenciaApollo.Envolvidos_Telefone
(telefone,envolvido)
VALUES
("925029435",1),
("917431469",2),
("922264128",3),
("929288868",4),
("918333804",5),
("916890687",6),
("910333732",7),
("925265879",8),
("920410487",9),
("928624793",10),
("912830178",11),
("911549257",12),
("929945935",13),
("910819978",14),
("925349020",15),
("919621207",16),
("911190567",17),
("914064748",18),
("918260664",19),
("922896070",20),
("910137726",21),
("925202909",22),
("914510378",23),
("926046760",24),
("917597853",25),
("918379378",26),
("914190988",27),
("918437138",28),
("929799324",29),
("917122021",30),
("915174171",31),
("911704085",32),
("916621964",33),
("920810229",34),
("915646379",35),
("914917060",36),
("925394154",37),
("915549838",38),
("912227034",39),
("923633443",40),
("917258902",41),
("927657133",42),
("918510876",43),
("915080411",44),
("915934150",45),
("923565990",46),
("916376150",47),
("925081226",48),
("911042740",49),
("912803700",50),
("914927425",51),
("924438608",52),
("912231834",53),
("922451757",54),
("916981333",55),
("919867048",56),
("928168521",57),
("919606499",58),
("928931489",59),
("927737122",60),
("915090401",61),
("917411303",62),
("921756542",63),
("921724165",64),
("918592736",65),
("927972216",66),
("910215650",67),
("920267366",68),
("0361826988",69),
("920534472",70),
("920565376",71),
("920956755",72),
("920394199",73),
("698933057",74),
("920394299",75),
("920169560",76),
("920130819",77),
("910280186",78),
("920418777",79),
("0304515600",80),
("915246617",81),
("915245709",81),
("911820062",83),
("920083153",84),
("920142781",85),
("920528115",86),
("920099697",87),
("920418882",87),
("920193486",87);

-- Povoamento do Caso
INSERT INTO AgenciaApollo.Caso
(id,prioridade,preco_por_dia,data_inic,data_encerramento,rel_vitima_cliente,descricao,estado,vitima,requisitado_por,fatura)
VALUES
(1, "Urgente", 300.00, "2006-11-20", "2006-11-25", "Pai", "Desaparecida durante as férias", "Encerrado", 1, 1, 1),
(2, "Normal", 180.00, "2009-05-12", "2009-05-20", "Namorado", "Desapareceu durante a noite", "Encerrado", 2, 2, 2),
(3, "Normal", 200.00, "1993-05-03", "1993-06-18", "Pai", "Desapareceu durante uma viagem de carro", "Encerrado", 3, 3, 3),
(4, "Prioritario", 280.00, "1997-08-10", "1997-08-22", "Mãe", "Desapareceu durante a noite", "Encerrado", 4, 4, 4),
(5, "Normal", 200.00, "2002-05-07", "2002-07-14", "Irmão", "Desapareceu enquanto ia visitar um amigo", "Encerrado", 5, 5, 5),
(6, "Urgente", 310.00, "2006-08-27", "2006-08-30", "Mãe", "Desapareceu durante a noite", "Encerrado", 6, 6, 6),
(7, "Normal", 220.00, "2007-05-23", "2007-07-29", "Esposa", "Desapareceu durante uma ida às compras", "Encerrado", 7, 7, 7),
(8, "Normal", 170.00, "2009-08-22", "2009-09-07", "Mãe", "Desapareceu durante a noite", "Encerrado", 6, 6, 8),
(9, "Normal", 190.00, "2011-10-16", "2011-12-01", "Mãe", "Desapareceu durante uma saída", "Encerrado", 8, 8, 9),
(10, "Prioritario", 240.00, "2014-08-02", "2014-08-16", "Amigo próximo", "Desapareceu durante as férias", "Encerrado", 9, 9, 10),
(11, "Prioritario", 210.00, "2015-02-17", "2018-02-28", "Irmã", "Desapareceu durante as férias", "Arquivado", 10, 10, null),
(12, "Normal", 160.00, "2018-03-27", "2018-05-14", "Pai", "Desapareceu durante uma saída", "Encerrado", 11, 11, 11),
(13, "Normal", 120.00, "2020-07-24", "2020-10-01", "Mãe", "Desapareceu durante as férias", "Encerrado", 12, 12, 12),
(14, "Urgente", 330.00, "2019-01-31", "2019-02-03", "Marido", "Desapareceu durante as férias", "Encerrado", 13, 13, 13),
(15, "Normal", 150.00, "2021-06-02", "2021-06-10", "Cunhado", "Desapareceu durante a noite", "Encerrado", 14, 14, 14),
(16, "Urgente", 370.00, "2021-10-28", "2023-11-04", "Mãe", "Fugiu de casa", "Arquivado", 6, 6, 15),
(17, "Normal", 100.00, "2022-03-19", "2022-06-02", NULL, "Desaparecida misteriosamente", "Encerrado", 15, 15, null),
(18, "Normal", 130.00, "2022-11-12", "2022-12-14", "Tio paterno", "Desapareceu durante uma viagem de carro", "Encerrado", 16, 16, 16),
(19, "Urgente", 360.00, "2023-02-07", "2023-02-10", "Irmão", "Desapareceu enquanto ia visitar um amigo", "Encerrado", 17, 17, 17),
(20, "Normal", 170.00, "2023-06-29", "2023-07-13", "Avô materno", "Desapareceu durante as férias", "Encerrado", 18, 18, 18),
(21, "Normal", 195.00, "2023-08-21", "2023-09-17", "Marido", "Desapareceu durante a noite", "Encerrado", 19, 19, 19),
(22, "Prioritario", 280.00, "2023-12-23", NULL, "Pai", "Desapareceu durante um passeio no parque", "Em espera", 20, 20, null);

-- Povoamento do Caso_Observações
INSERT INTO AgenciaApollo.Caso_Observacoes 
(observacao, caso_id) 
VALUES
("Câmaras de segurança na Avenida dos Aliados mostram movimento suspeito", 2),
("Verificado o histórico de relacionamento entre a vítima e o namorado", 2),
("Testemunhas indicam ter visto a vítima a entrar num carro preto", 2),
("Testemunhas avistaram o veículo da vítima abandonado na estrada", 3),
("Declarada a identidade de um suspeito que estava com a vítima antes do desaparecimento", 3),
("Nelson Pinto tinha um histórico de comportamento violento", 4),
("Irmão da vítima reportou atividade suspeita na área na noite do desaparecimento", 5),
("Amigos da vítima mencionaram um conflito recente", 5),
("A vítima tinha planeado encontrar-se com um amigo na noite do desaparecimento", 5),
("Relatórios de perícia forense indicaram possíveis locais de desaparecimento", 8),
("Mãe da vítima mencionou um comportamento estranho dias antes do desaparecimento", 8),
("Identificadas possíveis conexões entre Jacinto Pires e João Sousa", 9),
("Quebra de sigilo telefónico revelou chamadas suspeitas de um número anónimo", 11),
("Revisão de históricos de viagens da vítima", 11),
("Pai da vítima reportou comportamentos estranhos no dia do desaparecimento", 12),
("Relatórios forenses indicam possível envolvimento de terceiros", 13),
("Suspeito visto nas proximidades da residência da vítima", 16),
("Possíveis conexões com outros desaparecimentos analisados", 16),
("Marido da vítima apresentou comportamento suspeito durante o relato do caso", 21);

-- Povoamento do Casos_dos_Detetives
INSERT INTO AgenciaApollo.Casos_dos_Detetives
(caso, detetive) 
VALUES
(1, 3),
(1, 8),
(1, 10),
(1, 20),
(2, 11),
(2, 13),
(3, 13),
(4, 4),
(4, 7),
(4, 16),
(5, 20),
(5, 19),
(6, 18),
(6, 11),
(7, 15),
(8, 13),
(9, 20),
(10, 8),
(10, 4),
(10, 16),
(11, 13),
(11, 12),
(12, 11),
(13, 3),
(13, 10),
(14, 20),
(14, 19),
(14, 16),
(15, 13),
(16, 4),
(16, 8),
(17, 15),
(18, 10),
(19, 18),
(19, 3),
(19, 4),
(19, 16),
(20, 7),
(21, 13);

-- Povoamento dos Documentos
INSERT INTO AgenciaApollo.Documento
(descricao, data_emissao, caso) 
VALUES
("Mandado de busca ao veículo 47-MX-AC, pertencente a Cirilo Cunha", "2006-11-22", 1),
("Mandado de quebra de sigilo telefónico ao telemóvel pessoal da vítima", "2006-11-21", 1),
("Mandado de restrição de saída do país para Cirilo Cunha", "2006-11-22", 1),
("Mandado de monitorização de câmaras de segurança junto à Avenida dos Aliados, Porto", "2009-05-14", 2),
("Mandado de busca e apreensão na residência de Nelson Pinto", "1997-08-21", 4),
("Mandado de entrada em propriedade rural em Sistelo, junto à Junta de Freguesia", "2006-08-29", 6),
("Mandado de captura de Amélia Moreira", "2007-07-23", 7),
("Mandado de quebra de sigilo bancário da conta de Jacinto Pires", "2011-11-13", 9),
("Mandado de perícia forense - Análises de ADN a João Sousa", "2011-11-04", 9),
("Mandado de restrição de saída do país para Alice Coelho", "2015-02-20", 11),
("Mandado de quebra de sigilo telefónico da vítima", "2015-02-23", 11),
("Mandado de busca em veículo 97-23-PH", "2021-11-01", 16),
("Mandado de perícia forense - casa da vítima", "2022-03-24", 17),
("Mandado de monitorização de câmaras de segurança ao redor da casa da vítima", "2022-11-20", 18),
("Mandado de captura para Úrsula Ferreira", "2022-12-11", 18),
("Mandado de quebra de sigilo de redes sociais associadas à vítima", "2023-07-02", 20);

-- Povoamento do Caso_Provas
INSERT INTO AgenciaApollo.Caso_Provas
(caso, prova)
VALUES
(1, 1),
(1, 2),
(2, 3),
(4, 4),
(4, 5),
(7, 6),
(9, 7),
(9, 8),
(11, 9),
(16, 10),
(17, 11),
(18, 12),
(20, 13),
(21, 14),
(18, 15),
(7, 16);

-- Povoamento do Caso_Envolvidos
INSERT INTO AgenciaApollo.Caso_Envolvidos
(envolvido,caso,rel_vitima,tipo)
VALUES
(1,1,"Amigo","Suspeito"),
(1,14,null,"Testemunha"),
(2,1,null,"Suspeito"),
(2,4,"Colega de Trabalho","Testemunha"),
(3,8,"Conhecido","Testemunha"),
(3,4,null,"Testemunha"),
(3,5,"Conhecido","Suspeito"),
(4,3,null,"Testemunha"),
(5,9,null,"Suspeito"),
(5,12,null,"Testemunha"),
(5,7,null,"Testemunha"),
(6,4,"Conhecido","Testemunha"),
(6,22,"Conhecido","Suspeito"),
(7,15,null,"Testemunha"),
(8,8,"Conhecido","Testemunha"),
(9,11,null,"Suspeito"),
(9,22,"Conhecido","Suspeito"),
(10,1,"Conhecido","Testemunha"),
(10,5,null,"Testemunha"),
(10,8,"Amigo","Suspeito"),
(11,7,null,"Testemunha"),
(11,3,null,"Testemunha"),
(11,18,"Conhecido","Testemunha"),
(12,17,"Conhecido","Testemunha"),
(12,16,null,"Suspeito"),
(12,5,null,"Suspeito"),
(13,10,null,"Testemunha"),
(13,14,"Conhecido","Testemunha"),
(13,2,"Avô","Suspeito"),
(14,21,null,"Suspeito"),
(15,22,"Conhecido","Testemunha"),
(15,3,null,"Suspeito"),
(15,21,"Melhor amiga","Testemunha"),
(16,5,null,"Testemunha"),
(17,21,null,"Suspeito"),
(17,22,"Tio","Testemunha"),
(17,8,"Amigo","Suspeito"),
(18,21,"Conhecido","Suspeito"),
(19,5,null,"Testemunha"),
(19,21,null,"Suspeito"),
(20,20,null,"Testemunha"),
(20,9,"Conhecido","Testemunha"),
(20,6,"Cunhada","Suspeito"),
(21,19,null,"Suspeito"),
(21,11,"Amiga","Suspeito"),
(21,13,null,"Testemunha"),
(22,9,"Conhecido","Testemunha"),
(22,18,null,"Testemunha"),
(22,10,"Tia","Testemunha"),
(23,16,null,"Testemunha"),
(24,4,null,"Suspeito"),
(25,22,"Conhecido","Testemunha"),
(25,17,"Amiga","Testemunha"),
(25,6,null,"Suspeito"),
(26,11,"Tia","Testemunha"),
(26,12,null,"Testemunha"),
(26,6,"Conhecido","Testemunha"),
(27,22,"Amigo","Testemunha"),
(27,21,null,"Suspeito"),
(27,15,"Amigo","Testemunha"),
(28,20,"Conhecido","Suspeito"),
(28,16,null,"Testemunha"),
(29,17,null,"Suspeito"),
(29,8,null,"Testemunha"),
(30,7,"Conhecido","Testemunha"),
(30,9,"Tio","Testemunha"),
(30,19,null,"Testemunha"),
(31,1,"Tio","Testemunha"),
(31,17,null,"Testemunha"),
(32,1,null,"Suspeito"),
(32,16,"Conhecido","Testemunha"),
(32,14,null,"Suspeito"),
(33,19,"Conhecido","Testemunha"),
(33,2,null,"Testemunha"),
(34,20,"Tia","Suspeito"),
(34,21,"Conhecido","Testemunha"),
(34,12,null,"Testemunha"),
(35,20,null,"Testemunha"),
(36,16,"Cunhado","Suspeito"),
(36,5,"Conhecido","Suspeito"),
(36,21,null,"Testemunha"),
(37,14,"Cunhada","Testemunha"),
(37,15,"Prima","Testemunha"),
(38,7,"Conhecido","Testemunha"),
(38,13,null,"Suspeito"),
(39,12,null,"Testemunha"),
(40,9,"Primo","Suspeito"),
(41,8,"Conhecido","Testemunha"),
(42,3,null,"Testemunha"),
(42,7,null,"Testemunha"),
(42,16,"Prima","Testemunha"),
(43,8,null,"Testemunha"),
(43,11,"Tio","Testemunha"),
(44,4,null,"Suspeito"),
(44,3,"Conhecido","Testemunha"),
(45,15,null,"Suspeito"),
(45,22,null,"Suspeito"),
(45,13,"Conhecido","Testemunha"),
(46,19,"Colega de Trabalho","Testemunha"),
(46,9,null,"Suspeito"),
(47,14,null,"Suspeito"),
(47,9,"Tio","Testemunha"),
(48,21,"Conhecido","Testemunha"),
(49,15,null,"Testemunha"),
(50,1,null,"Suspeito"),
(50,3,"Conhecido","Testemunha"),
(50,12,null,"Suspeito"),
(51,9,null,"Suspeito"),
(51,15,null,"Testemunha"),
(51,6,"Conhecido","Testemunha"),
(52,16,null,"Suspeito"),
(52,8,null,"Suspeito"),
(52,1,"Conhecido","Testemunha"),
(53,5,"Primo","Suspeito"),
(53,6,null,"Testemunha"),
(53,14,null,"Testemunha"),
(54,4,"Conhecido","Testemunha"),
(55,5,null,"Testemunha"),
(56,7,null,"Testemunha"),
(56,1,"Conhecido","Testemunha"),
(56,13,"Primo","Suspeito"),
(57,19,null,"Testemunha"),
(58,15,null,"Testemunha"),
(59,22,"Conhecido","Testemunha"),
(60,7,"Tio","Suspeito"),
(60,18,null,"Testemunha"),
(61,9,"Conhecido","Testemunha"),
(61,17,"Primo","Suspeito"),
(61,14,null,"Suspeito"),
(62,16,"Conhecido","Testemunha"),
(62,10,null,"Suspeito"),
(63,10,null,"Testemunha"),
(63,3,"Conhecido","Testemunha"),
(63,8,"Tia","Suspeito"),
(64,21,null,"Suspeito"),
(64,9,"Conhecido","Suspeito"),
(64,19,"Conhecido","Testemunha"),
(65,20,"Amiga","Suspeito"),
(65,13,null,"Testemunha"),
(65,1,"Conhecido","Testemunha"),
(66,18,"Amigo","Suspeito"),
(66,11,null,"Testemunha"),
(66,9,"Conhecido","Testemunha"),
(67,6,"Tio","Testemunha"),
(67,3,"Colega de Trabalho","Suspeito"),
(67,11,null,"Testemunha"),
(68,1,"Pai","Suspeito"),
(69,2,"Namorado","Suspeito"),
(70,3,"Pai","Suspeito"),
(71,4,"Mãe","Suspeito"),
(72,5,"Irmão","Suspeito"),
(73,6,"Mãe","Suspeito"),
(74,7,"Esposa","Suspeito"),
(73,8,"Mãe","Suspeito"),
(75,9,"Mãe","Suspeito"),
(76,10,"Amigo Próximo","Suspeito"),
(77,11,"Irmã","Suspeito"),
(78,12,"Pai","Suspeito"),
(79,13,"Mãe","Suspeito"),
(80,14,"Marido","Suspeito"),
(81,15,"Cunhado","Suspeito"),
(73,16,"Mãe","Suspeito"),
(82,17,null,"Suspeito"),
(83,18,"Tio Paterno","Suspeito"),
(84,19,"Irmão","Suspeito"),
(85,20,"Avô Materno","Suspeito"),
(86,21,"Marido","Suspeito"),
(87,21,"Pai","Suspeito");